ID,NOME_OBRA,AUTOR,TIPOLOGIA,MATERIAL,DT_IMPLANT,CONPRESP,CONDEPHAAT,TOMBAMENTO,LOCAL,IPHAN,LINK_RES,problematica
001,14 Bis,FUNCIONÁRIOS do Parque Aeronáutico de Marte,Escultura Figurativa,latăo alumínio bronze e granito,1974 (escultura original) / 2006 (escultura nova),não consta,não consta,não,Praça Campo de Bagatelle,não consta,não consta,N
002,70 Anos da Imigraçăo Japonesa,desconhecido,Marco,granito,1978,não consta,não consta,não,Parque do Carmo,não consta,não consta,N
003,A Caçadora,"COLUCCINI, Lélio",Grupo escultórico,Granito e bronze,197-,não consta,não consta,não,Parque Ibirapuera,não consta,não consta,N
004,A menina e o bezerro,CHRISTOPHE,Grupo escultórico,mármore Carrara e granito,ca. 1922,não consta,não consta,não,Largo do Arouche,não consta,não consta,N
006,A todos os companheiros,desconhecido,Placa,mármore,1977,não consta,RES. SC 185/02,sim,Largo Săo Francisco (próximo a entrada da Faculdade de Direito),não consta,não consta,N
007,A Torre,"PIZA, Arthur Luiz",Escultura Abstrata,aço corten e bronze,1997,não consta,não consta,não,Praça dos Libaneses (Avenida Jornalista Roberto Marinho),não consta,não consta,N
008,A Viagem – Ida e Volta,"DEL NERO, Cyro",Painel,azulejos,1995,não consta,não consta,não,Complexo Viário Maria Maluf (extremidades do túnel sentido Avenida Presidente Tancredo Neves - Avenida dos Bandeirantes),não consta,não consta,N
009,Abertura,"CASTRO, Amílcar de",Escultura Abstrata,aço corten,1979,RES. 17/2007,não consta,sim,Praça da Sé,não consta,https://www.prefeitura.sp.gov.br/cidade/upload/2ffeb_17_T_Centro_Velho.pdf,N
010,Acabou a Greve,"CIPICCHIA, Ricardo",Estátua,bronze e granito,1958,não consta,não consta,não,Praça Doutor Sampaio Vidal,não consta,não consta,N
011,Adolfo Augusto Pinto,"ZANI, Amadeo",Herma,bronze e concreto,1970,não consta,não consta,não,Praça Ester Mesquita,não consta,não consta,N
012,Adolpho Bloch,desconhecido,Grupo escultórico,bronze e granito,1996,não consta,não consta,não,Praça Adolpho Bloch,não consta,não consta,N
014,Adoniran Barbosa,"MORRONE, Luiz",Herma,bronze e granito,1983,não consta,não consta,não,Praça Dom Orione,não consta,não consta,N
015,Afonso D’Escragnolle Taunay,"DUNIN, Claudie",Herma,bronze e granito,1965,não consta,não consta,não,Largo do Arouche,não consta,não consta,N
016,Alegres Saudaçőes Para Lucinha,"NITSCHE, Marcelo",Escultura Abstrata,aço pintado,2004,não consta,não consta,não,Praça Lucinha Mendonça,não consta,não consta,N
017,Alexandre de Gusmăo,desconhecido,Busto,bronze e concreto,1995,não consta,não consta,não,Praça Alexandre de Gusmăo,não consta,não consta,N
018,Alexandre Fleming,desconhecido,Cabeça,bronze e concreto,1969,não consta,não consta,não,Praça Alexandre Fleming,não consta,não consta,N
019,Alfredo Maia,"ZANI, Amadeo",Grupo escultórico,bronze e granito,196-,não consta,não consta,não,Praça Júlio Prestes,não consta,não consta,N
020,Almeida Júnior,"GALANTE, Laurindo",Herma,bronze e granito,194-,não consta,não consta,não,Galeria Prestes Maia,não consta,não consta,N
021,Almirante Joaquim Marques de Lisboa - Marquês de Tamandaré,desconhecido,Herma,bronze e granito,ca. 1967,não consta,não consta,não,Parque Anhangabaú (próximo a Rua Doutor Falcăo),não consta,não consta,N
022,Almirante Joaquim Marques de Lisboa - Marquês de Tamandaré,"MORRONE, Luiz JUAN Casio Godińo",Estátua,bronze e granito,1981,não consta,não consta,não,Parque Ibirapuera,não consta,não consta,N
023,Álvares de Azevedo,"ZANI, Amadeo",Busto,bronze e granito,2006,não consta,não consta,não,Largo Săo Francisco,não consta,não consta,N
024,Amaltéia e a Cabra de Júpiter,desconhecido,Grupo escultórico,argamassa armada e bronze,192-,não consta,não consta,não,Parque da Luz,não consta,não consta,N
025,Amizade Entre Os Povos,desconhecido,Marco,bronze e granito,1936,não consta,não consta,não,Praça da República (interior da EMEI Armando de Arruda Pereira),não consta,não consta,N
026,Amizade Sírio-Libanesa,"XIMENES, Ettore",Grupo escultórico,bronze e granito,1988,RES. 17/2007,não consta,sim,Praça Ragueb Chohfi,não consta,https://www.prefeitura.sp.gov.br/cidade/upload/2ffeb_17_T_Centro_Velho.pdf,N
027,Amor Materno,"VIRION, Charles-Louis-Éugčne",Estátua,mármore e granito,19--,não consta,não consta,não,Largo do Arouche,não consta,não consta,N
028,Andando - Monumento a Săo Paulo,"EMENDABILI, Galileo",Estátua,bronze e alvenaria revestida de granito,2007,não consta,não consta,não,Praça Vinicius de Moraes,não consta,não consta,N
030,Anfitrite e Trităo,desconhecido,Chafariz,argamassa armada e bronze,ca. 1916,não consta,não consta,não,Parque Buenos Aires,não consta,não consta,N
031,Ângelo Rivetti,desconhecido,Placa,argamassa e ferro pintado,ca. 1975,não consta,não consta,não,Praça Ângelo Rivetti,não consta,não consta,N
032,Anhangüera,"BRIZZOLLARA, Luis",Estátua,mármore e bronze,1935,não consta,não consta,não,Avenida Paulista (calçada do Parque Tenente Siqueira Campos),não consta,não consta,S
033,Anjo,"BONOMI, Maria",Escultura Abstrata,bronze e granito,1992,não consta,não consta,não,Praça Cecília Périgo Saldiva,não consta,não consta,N
034,Antonieta Rudge,"MORRONE, Luiz",Cabeça,bronze e granito,1977,não consta,não consta,não,Praça Portugal,não consta,não consta,N
035,Aos Pracinhas a Homenagem e a Gratidăo do Parque Novo Mundo,desconhecido,Obelisco,granito,19--,não consta,não consta,não,Praça Novo Mundo,não consta,não consta,N
036,Aretuza,"LEOPOLDO E SILVA, Francisco",Estátua,mármore granito e bronze,197-,não consta,não consta,não,Parque Tenente Siqueira Campos (Trianon),não consta,não consta,N
037,Árvore Das Lágrimas,desconhecido,Placa,bronze,1952,não consta,não consta,não,"Estrada das Lágrimas, números 515 e 535",não consta,não consta,N
038,Ascensăo,"BRANDT, Charis",Estátua,bronze e granito,ca. 1942,não consta,não consta,não,Praça das Guianas,não consta,não consta,N
039,Associaçăo Dos Lojistas da Liberdade,desconhecido,Placa,granito e concreto,1978,não consta,não consta,não,Largo da Pólvora,não consta,não consta,N
040,Atletas do Brasil,desconhecido,Placa,cimento,19--,não consta,não consta,não,Praça Charles Miller,não consta,não consta,N
041,Augusto de Prima Porta,desconhecido,Estátua,bronze e granito,1948,não consta,não consta,não,Largo do Arouche,não consta,não consta,S
043,Aurora,"MOREAU, Mathurin",Estátua,ferro fundido e concreto,19--,não consta,não consta,não,Praça Coronel Lisboa,não consta,não consta,N
044,Avenida Queiroz Filho,desconhecido,Marco,concreto e ferro,1965,não consta,não consta,não,"Avenida Queiroz Filho (canteiro central, cruzamento com Avenida Padre Pereira de Andrade)",não consta,não consta,N
046,Baden Powell,"LAROCCA, Vicente",Busto,bronze e granito,1959,não consta,não consta,não,Praça da República,não consta,não consta,N
047,Bairro Oriental,desconhecido,Marco,granito,1974,não consta,não consta,não,"Rua Galvăo Bueno, 83",não consta,não consta,N
048,Barbeiro Anedes,"GUERRA, Julio",Painel,alvenaria de tijolos concreto e mosaico de pedras,196-,não consta,não consta,não,Praça Marcos Manzini,não consta,não consta,N
049,Beato Ludovico Pavoni,desconhecido,Busto,bronze e granito,2002,não consta,não consta,não,Praça Beato Padre Ludovico Pavoni,não consta,não consta,N
050,Bebedouro,desconhecido,Fonte,arenito com alvenaria de tijolos,192-,não consta,não consta,não,Parque Tenente Siqueira Campos (Trianon),não consta,não consta,N
051,BEIJO ETERNO (Fragmento do Monumento a Olavo Bilac),ZADIG William,Grupo escultórico,bronze e granito,1966,não consta,RES. SC 185/02,sim,Largo Săo Francisco,não consta,não consta,N
052,Biquinha da Vila Indiana,desconhecido,Fonte,concreto e azulejos,19--,não consta,não consta,não,Avenida Corifeu de Azevedo Marques (cruzamento com rua Boturoca em frente ao nº 35),não consta,não consta,N
053,Borba Gato,"GUERRA, Júlio",Estátua (MONUMENTO),concreto armado mosaico de pedras e pastilhas,1963,não consta,não consta,não,Praça Augusto Tortorello de Araújo,não consta,não consta,S
054,Brigadeiro José Vieira Couto de Magalhăes,"MORRONE, Luiz",Estátua,bronze e granito,1963,não consta,não consta,não,Praça Bento de Camargo Barros,não consta,não consta,N
055,Brigadeiro Rafael Tobias de Aguiar,"MORRONE, Luiz",Estátua (MONUMENTO),bronze e granito,1965,não consta,não consta,não,Praça Coronel Fernando Prestes,não consta,não consta,N
056,Caetano de Campos,"ZANI, Amadeo",Herma,bronze e granito,1930,não consta,não consta,não,Praça da República,não consta,não consta,N
057,Caminho,"AMARAL, Lilian; BASSANI, Jorge",Escultura Abstrata,alumínio pintado,1991,não consta,não consta,não,Praça Marechal Cordeiro de Farias,não consta,não consta,N
058,Camőes,"CUCÊ, José",Estátua,bronze e granito,1942,não consta,não consta,não,Praça Dom José Gaspar,não consta,não consta,N
059,Căo Pastor Alemăo,FUNDIÇĂO REBELATTO,Estátua,bronze e pedra mineira,1963,não consta,não consta,não,Parque Ibirapuera,não consta,não consta,N
060,Carlos Botelho,"CARLI, Arlindo Castellane de",Cabeça,bronze e granito,1986,não consta,não consta,não,Parque da Aclimaçăo,não consta,não consta,S
061,Carlos Drummond de Andrade,desconhecido,Marco,granito,2002,não consta,não consta,não,Praça Poeta Drummond de Andrade,não consta,não consta,N
062,Carlos Paeta,"MORRONE, Luiz",Herma,bronze e granito,2004,não consta,não consta,não,Estádio Municipal Paulo Machado de Carvalho (próximo a entrada pela Rua Capivari),não consta,não consta,N
063,Carolina Ribeiro,"MORRONE, Luiz",Herma,bronze e granilite,1982,não consta,não consta,não,Praça da República,não consta,não consta,N
064,Celso Garcia,"PETRUCCI, Lorenzo",Herma,bronze e granito,Entre 1938 - 1945,não consta,não consta,não,Praça Major Guilherme Rudge,não consta,não consta,N
065,Centenário da Amizade Brasil - Japăo (1895 - 1995),desconhecido,Marco,granito,1995,não consta,não consta,não,Parque do Carmo (próximo ao portăo 3),não consta,não consta,N
066,Centenário da Paróquia Santa Cruz,desconhecido,Marco,alvenaria granito ferro e azulejos,1998,não consta,não consta,não,Praça Júlio César de Campos,não consta,não consta,N
067,Centenário de Vila Ema,desconhecido,Marco,concreto granito e bronze,1994,não consta,não consta,não,Praça Emma Nothmann,não consta,não consta,N
068,Centenário de Vila Prudente,"ABRAHĂO, Délcio (Engenheiro)",Obelisco,concreto armado granito mármore e aço escovado,1990,não consta,não consta,não,Praça Centenário de Vila Prudente,não consta,não consta,N
070,Cervantes,"GALVEZ, Rafael",Estátua,bronze e granito,1947,não consta,não consta,não,Praça Dom José Gaspar,não consta,não consta,N
071,Cesário Mota,"ZANI, Amadeo",Busto,bronze e granito,1909,não consta,não consta,não,Praça da República,não consta,não consta,N
072,Chafariz,desconhecido,Chafariz,argamassa armada,19--,não consta,não consta,não,Largo do Cambuci,não consta,não consta,N
073,Chafariz,desconhecido,Chafariz,argamassa armada,Entre 1899 - 1906,não consta,não consta,não,Parque da Luz (lago da Cruz de Malta),não consta,não consta,N
074,Chafariz,desconhecido,Chafariz,argamassa armada,Entre 1899 - 1910,não consta,não consta,não,Parque da Luz (próximo a Avenida Tiradentes),não consta,não consta,N
075,CHAFARIZ (Delfins),desconhecido,Chafariz,mármore,Entre 1911 - 1914,não consta,não consta,não,Parque da Luz,não consta,não consta,N
076,Chico Mendes,"RIBEIRO, Heloísa Quintanilha",Cabeça,bronze ferro pintado e argamassa,1989,não consta,não consta,não,Parque Ibirapuera,não consta,não consta,N
077,Chopin,desconhecido,Máscara estela,bronze e granito,1954,não consta,não consta,não,Praça Dom José Gaspar,não consta,não consta,N
078,Cinquenta Anos do Estado de Israel,"KNISPEL, Gershon",Escultura Abstrata,ferro,1998,não consta,não consta,não,Praça Cinqüentenário de Israel,não consta,não consta,N
079,Colhedor de Café,"BELTRAN, Lecy",Estátua,bronze alvenaria de tijolos e granito,2003,não consta,não consta,não,Avenida Nove de Julho (canteiro central altura da Rua Bandeira Paulista),não consta,não consta,N
081,Comendador Nicolau Scarpa,"ROSADA, Vilmo",Herma,bronze e granito,1989,não consta,não consta,não,Praça Comendador Nicolau Scarpa,não consta,não consta,N
082,Comissăo do IV Centenário,desconhecido,Placa,granito,1954,não consta,não consta,não,Parque Ibirapuera,não consta,não consta,N
083,Conde Francisco Matarazzo,"MARCHIS, Giandomenico de",Estátua,bronze alvenaria de tijolos e granito,1989,não consta,não consta,não,"Praça Raízes da Pompéia, 2013",não consta,não consta,N
084,Conde Francisco Matarazzo Júnior,desconhecido,Herma,bronze e granito,2009,não consta,não consta,não,Largo Primeiro de Maio,não consta,não consta,N
085,Condor,"GIORGI, Bruno",Escultura Abstrata,bronze,1978,RES. 17/2007,não consta,sim,Praça da Sé,não consta,https://www.prefeitura.sp.gov.br/cidade/upload/2ffeb_17_T_Centro_Velho.pdf,N
086,Conselheiro Joăo José da Silva Carrăo,"SANTOS, Adilson Charles dos",Herma,bronze e argamassa,1992,não consta,não consta,não,Praça Quinze de Outubro,não consta,não consta,N
087,Contando a Féria,"CIPICCHIA, Ricardo",Grupo escultórico,bronze e granito,1950,RES. 17/2007,não consta,sim,Praça Doutor Joăo Mendes,não consta,https://www.prefeitura.sp.gov.br/cidade/upload/2ffeb_17_T_Centro_Velho.pdf,N
088,Cora Coralina,"AGOSTINHO, Aucione Torres",Herma,bronze concreto e granito,1989,não consta,não consta,não,Praça Cora Coralina,não consta,não consta,N
089,Cristo Redentor,desconhecido,Estátua,argamassa armada,19--,não consta,não consta,não,Praça Salvador Allende,não consta,não consta,N
090,Cristóforo Colombo,"MORRONE, Luiz",Estátua,bronze e granito,1992,não consta,não consta,não,Praça Panamericana,não consta,não consta,S
091,Crucifixo,desconhecido,Crucifixo,bronze e granito,1978,não consta,não consta,não,Largo Săo José do Belém,não consta,não consta,N
092,Crucifixo,desconhecido,Crucifixo,bronze e granito,1978,não consta,não consta,não,Praça Cornélia,não consta,não consta,N
093,Crucifixo,desconhecido,Crucifixo,bronze e granito,1978,não consta,não consta,não,Praça Pérola Byington,não consta,não consta,N
094,Crucifixo,desconhecido,Crucifixo,bronze e granito,1978,não consta,não consta,não,Praça Doutor Afrodísio Vidigal,não consta,não consta,N
095,Cruz de Anchieta,"LARROCA, Vicente; RODRIGUES, José Wasth",Cruzeiro,granitobronze e azulejos,1938,não consta,não consta,não,Praça Santa Cruz,não consta,não consta,S
096,Cruz Papal,desconhecido,Cruzeiro,fulget e pastilhas,19--,não consta,não consta,não,Praça Nossa Senhora do Brasil,não consta,não consta,N
097,Cruzeiro,desconhecido,Cruzeiro,alvenaria de tijolos aparentes,1947,não consta,não consta,não,Praça Itálico Ancona Lopes,não consta,não consta,N
098,Dança branca,"IANELLI, Arcângelo",Escultura Abstrata,mármore e granito,2001,não consta,não consta,não,Parque da Aclimaçăo,não consta,não consta,N
099,Dante,"GIORGI, Bruno",Estátua,mármore,1955,não consta,não consta,não,Praça Dom José Gaspar,não consta,não consta,N
100,David,desconhecido,Estátua,argamassa armada e bronze,1974,não consta,não consta,não,Rua Canuto Abreu (em frente ao CERET),não consta,não consta,N
101,Depois do Banho,"BRECHERET, Victor",Estátua,bronze e granito,ca. 1941,não consta,não consta,não,Largo do Arouche,não consta,não consta,N
102,Diálogo,"WEISSMAN, Franz",Escultura Abstrata,chapas de aço pintadas,1979,RES. 17/2007,não consta,sim,Praça da Sé,não consta,https://www.prefeitura.sp.gov.br/cidade/upload/2ffeb_17_T_Centro_Velho.pdf,N
103,Diana a Caçadora,desconhecido,Estátua,bronze e argamassa,ca. 1944,não consta,não consta,não,Praça Pedro Lessa,não consta,não consta,N
104,Discóbolo,desconhecido,Chafariz Estátua,argamassa armada concreto e bronze,Entre 1940 - 1945,não consta,não consta,não,Praça General Polidoro,não consta,não consta,N
105,Dom Bernardino Rivadávia,"NAVARRO, Juan Carlos Oliva",Busto,bronze e granito,1945,não consta,não consta,não,Parque Buenos Aires,não consta,não consta,N
106,Dom Duarte Leopoldo e Silva,"CUCÊ, José",Estátua,bronze e granito,1949,não consta,não consta,não,Largo Santa Cecília,não consta,não consta,N
107,Dom Gastăo Liberal Pinto,"CAMAROTTO, Arthur",Estátua,bronze e granito,1963,não consta,não consta,não,Praça Dom Gastăo Liberal Pinto,não consta,não consta,N
108,Dom José de Camargo Barros,"STARACCE, Júlio",Busto,bronze e granito,1915,não consta,não consta,não,Largo Coraçăo de Jesus,não consta,não consta,N
109,Dom Luiz Orione,"MORRONE, Luiz",Herma,bronze e granito,1972,não consta,não consta,não,Praça Dom Orione,não consta,não consta,N
110,Domingo – Dia do Senhor,"GARCIA, Heitor Eiras",Marco,concreto,1981,não consta,não consta,não,Praça Dia do Senhor,não consta,não consta,N
111,Dorival Rodrigues Alves,NANNI,Cabeça estela,bronze mármore e latăo,2000,não consta,não consta,não,Praça Dorival Rodrigues Alves,não consta,não consta,N
112,Doutor Luís Pereira Barreto,"EMENDABILI, Galileo",Grupo escultórico,bronze e granito,1929,não consta,não consta,não,Praça Marechal Deodoro,não consta,não consta,S
113,Doutor Luiz Lázaro Zamenhoff,"SAMPAIO M. E. GOMES, Fernando Martins",Herma,argamassa armada mármore e granito,1969,não consta,não consta,não,Praça da República,não consta,não consta,N
114,Doutora Carlota Pereira Queiroz,"MORRONE, Luiz",Herma,bronze concreto e mármore,1985,não consta,não consta,não,Praça Califórnia,não consta,não consta,N
115,Drusa,"MILAN, Denise",Chafariz Escultura Abstrata,aço pintado,1992,não consta,não consta,não,Parque Anhangabaú,não consta,não consta,N
116,Edgard Hermelino Leite,"MELLO, Rodolfo Veríssimo de",Herma,bronze e granito,1996,não consta,não consta,não,Praça Edgard Hermelino Leite,não consta,não consta,N
117,Elizabeth Souza Lobo,desconhecido,Marco,granito e bronze,1991,não consta,não consta,não,Praça Elisabeth Souza Lobo Garcia,não consta,não consta,N
118,Emblema de Săo Paulo,"VALENTIN, Ruben",Escultura Abstrata,concreto armado e bronze,1979,RES. 17/2007,não consta,sim,Praça da Sé,não consta,https://www.prefeitura.sp.gov.br/cidade/upload/2ffeb_17_T_Centro_Velho.pdf,N
119,Encouraçado Săo Paulo,desconhecido,Marco,bronze ferro galvanizado e concreto,1954,não consta,não consta,não,Parque Ibirapuera,não consta,não consta,N
120,Espaço Cósmico,"TOYOTA, Yutaka",Escultura Abstrata,aço inox e granito,1979,RES. 17/2007,não consta,sim,Praça da Sé,não consta,https://www.prefeitura.sp.gov.br/cidade/upload/2ffeb_17_T_Centro_Velho.pdf,N
121,Espheropeia,"SALVADOR, Gilberto",Escultura,fibra de carbono e granito,29/03/2014,não consta,não consta,não,Parque da Juventude,não consta,não consta,N
122,Espinário,desconhecido,Estátua,bronze e argamassa,ca. 1941,não consta,não consta,não,Praça Alfredo Weissflog (interior da EMEI Noêmia Hippolito),não consta,não consta,N
123,Estado da Palestina,desconhecido,Marco,mármore e bronze,1992,não consta,não consta,não,Praça Estado da Palestina,não consta,não consta,N
124,Estrela Cadente,"BUENO, Renata",Escultura Figurativa,aço pintado,2007,não consta,não consta,não,Praça Rotary Club de Săo Paulo - Butantă,não consta,não consta,N
125,Etros,"DI ALERIGI, Yone",Escultura Abstrata,concreto armadofibra de vidro e argamassa de pedra calcárea natural,2003,não consta,não consta,não,"Avenida Professor Fonseca Rodrigues (canteiro central, altura da Praça Pero Vaz de Caminha)",não consta,não consta,N
126,Família,"BARRETO, Eduardo",Totem  (ESCULTURA),pedra sabăo e concreto,2001,não consta,não consta,não,Praça da Família,não consta,não consta,N
127,Fauno,"BRECHERET, Victor",Estátua,granito e bronze,1946,não consta,não consta,não,Parque Tenente Siqueira Campos (Trianon),não consta,não consta,N
128,Fernando Pessoa,"VILLAR, Maria Irene",Busto,bronze e granito,1988,não consta,não consta,não,Praça Professor Rossini Tavares de Lima,não consta,não consta,N
129,Firmiano Pinto,"MORRONE, Luiz",Herma,bronze e granito,1947,não consta,não consta,não,Parque Buenos Aires,não consta,não consta,N
130,Fonte Milăo – Săo Paulo,desconhecido,Chafariz ( FONTE ORNAMENAL),argamassa armada granito concreto e ladrilhos cerâmicos,1971,não consta,não consta,não,Praça Cidade de Milăo,não consta,não consta,N
131,Fonte Monumental,"COUTO, Nicolina Vaz de Assis Pinto do",Chafariz,mármore Carrara e bronze,1927,não consta,não consta,não,Praça Júlio Mesquita,não consta,não consta,N
132,Fonte Ornamental,"SEVERO, Vera Maria Aranha (Arquiteta)",Placa,bronze e cimento,1988,não consta,não consta,não,Parque Ibirapuera,não consta,não consta,N
133,Fonte Pacaembu,desconhecido,Fonte,granito,19--,não consta,não consta,não,Estádio Municipal Paulo Machado de Carvalho (junto a entrada do ginásio),não consta,não consta,N
134,Força Expedicionária Brasileira,desconhecido,Marco,ferro concreto e bronze,2000,não consta,não consta,não,Praça Padre Damiăo,não consta,não consta,N
135,Forma rompida,"IANELLI, Arcângelo",Escultura Abstrata,aço pintado e concreto,2002,não consta,não consta,não,Parque da Aclimaçăo,não consta,não consta,N
136,Francisco Cintra Gordinho,"FERNANDES, Cláudia",Busto,bronze e granito,2009,não consta,não consta,não,Praça Dr. Francisco Cintra Gordinho,não consta,não consta,N
137,Francisco de Miranda,"GONZÁLEZ, Lorenzo; TABACCO, Carmello",Estátua,bronze e granito,1978,não consta,não consta,não,Avenida Paulista (canteiro central altura da Rua Bela Cintra),não consta,não consta,N
138,Francisco Mignone,"GIORG, I Bruno",Herma,bronze e mármore,198-,não consta,não consta,não,Baixos do Viaduto do Chá (interior do Museu do Teatro Municipal),não consta,não consta,N
139,Fundadores de Săo Paulo,"MORRONE, Luiz",Grupo escultórico (MONUMENTO),bronze e granito,197-,não consta,não consta,não,Rua Manoel da Nóbrega (próximo a Avenida Sargento Mário Kozel Filho),não consta,não consta,S
140,Garatuja,"NITSCHE, Marcelo",Escultura Abstrata,aço pintado,1979,não consta,não consta,não,Praça da Sé (piso das bilheterias da Estaçăo Sé),não consta,não consta,N
141,Gato,"ROSA, Gustavo",Escultura Figurativa,chapas de aço pintadas,2000,não consta,não consta,não,Parque Anhangabaú (baixos do Viaduto Santa Ifigênia),não consta,não consta,N
142,General Estilac Leal,"MORRONE, Luiz",Cabeça,bronze e concreto,1999,não consta,não consta,não,Praça Arquiteto Ícaro de Castro Melo,não consta,não consta,N
143,General José Artigas,desconhecido,Cabeça,bronze e granito,1999,não consta,não consta,não,Praça América,não consta,não consta,N
144,Gibran Khalil Gibran,"EID, Odette",Cabeça,bronze e granito,2008,não consta,não consta,não,Praça Professor Jairo de Almeida Ramos,não consta,não consta,N
145,Giuseppe Garibaldi,"GALLORI, Emilio",Herma,bronze e granito,1910,não consta,não consta,não,Parque da Luz,não consta,não consta,N
146,Giuseppe Verdi,"ZANI, Amadeo",Grupo escultórico,bronze e granito,1948,RES. 37/1992,não consta,sim,Parque Anhangabaú (junto as escadas de acesso à Rua Líbero Badaró),não consta,https://www.prefeitura.sp.gov.br/cidade/upload/d475b_37_T_Vale_do_Anhangabau.pdf,N
147,Glória Imortal Aos Fundadores de Săo Paulo,"ZANI, Amadeo",Coluna,bronze e granito,1925,RES. 17/2007,não consta,sim,Pátio do Colégio,não consta,https://www.prefeitura.sp.gov.br/cidade/upload/2ffeb_17_T_Centro_Velho.pdf,S
148,Goethe,"SIGULDA, Tao",Cabeça,bronze e mármore,1976,não consta,não consta,não,Praça Dom José Gaspar,não consta,não consta,N
149,Governador Abreu Sodré,"CALABRONE, Domenico",Cabeça estela,bronze e concreto,1976,não consta,não consta,não,Praça da Liberdade,não consta,não consta,S
150,GRAÇAS,"BRECHERET, Victor",Estátua,bronze e granito,ca. 1941,não consta,não consta,não,Galeria Prestes Maia,não consta,não consta,N
151,Grande Fita Amarela,"WEISSMANN, Franz",Escultura Abstrata,aço pintado,2003,não consta,não consta,não,Rua Gália,não consta,não consta,N
152,Guanabara,"FERRI, Joăo Batista",Estátua,granito,2008,não consta,não consta,não,Viaduto do Chá (cabeceira) em frente ao Edifício Matarazzo,não consta,não consta,N
153,Guilherme Kawall,desconhecido,Placa,bronze e concreto,1969,não consta,não consta,não,Praça Guilherme Kawall,não consta,não consta,N
154,Guilherme Quandt de Oliveira,"BERTON,I Sérgio",Busto,bronze e cimento,ca. 1976,não consta,não consta,não,Praça Guilherme Quandt de Oliveira,não consta,não consta,N
155,Hachiro Miyasaki,"WIEL, Antonio Van de",Herma,bronze e granito,1987,não consta,não consta,não,Largo da Pólvora,não consta,não consta,N
156,Heliponto Municipal Demoiselle,desconhecido,Marco,alvenaria de tijolos bronze e azulejos,1972,não consta,não consta,não,Parque Ibirapuera,não consta,não consta,N
158,Heróis da Travessia do Atlântico,"ZORLINI, Ottone",Coluna,bronze granito e mármore,2010,não consta,não consta,não,Parque da Barragem,não consta,não consta,S
159,Homem na Chuva,"MOTTA, Christina",Estátua,bronze,2008,não consta,não consta,não,Parque do Povo,não consta,não consta,N
160,Homenagem a Alceu Amoroso Lima,"FERRARI, León",Escultura Abstrata,ferro pintado,2009,não consta,não consta,não,Jardim da Biblioteca Alceu Amoroso Lima,não consta,não consta,N
161,Homenagem a Forma,"HIRS, Maria Aparecida (Pita)",Escultura Abstrata,concreto pintado e bronze,2003,não consta,não consta,não,Praça América,não consta,não consta,N
162,Homenagem a Jesus Teixeira da Costa,desconhecido,Busto,bronze e concreto,1993,não consta,não consta,não,Praça Jesus Teixeira da Costa,não consta,não consta,N
163,Homenagem ao Cafeeiro,"ZERI, Francisco",Escultura Figurativa,bronze e granito,1955,não consta,não consta,não,Parque Ibirapuera,não consta,não consta,N
164,Homenagem ao Căo Salomăo,desconhecido,Marco,alvenaria de tijolos e aço,2004,não consta,não consta,não,Praça Oscar da Silva,não consta,não consta,N
165,Homenagem ao Dr. Gastăo Vidigal,"GODIŃO, Juan Casio",Chafariz Herma,bronze granito e pedra sabăo,ca. 1999,não consta,não consta,não,Avenida Doutor Gastăo Vidigal (próximo a Praça Apecatu),não consta,não consta,N
166,Homenagem ao Imortal Prefeito de Săo Paulo José Vicente de Faria Lima,"MORRONE, Luiz",Estátua,bronze e granito,1972,não consta,não consta,não,Avenida Brigadeiro Faria Lima (canteiro central em frente ao Esporte Clube Pinheiros),não consta,não consta,N
167,Homenagem ao Tango,"VIVAS, Roberto",Escultura Figurativa,bronze e granito,1996,não consta,não consta,não,Parque Buenos Aires,não consta,não consta,N
168,Homenagem Aos Húngaros,LEBÚF,Alto relevo,bronze e granito,ca. 2000,não consta,não consta,não,Praça do Povo Húngaro,não consta,não consta,N
169,Homenagem ŕs Artes,"GUERRA, Julio",Painel,alvenaria  concreto mosaico de pedras e pintura mural,ca. 1957,não consta,não consta,não,Avenida Adolfo Pinheiro nş 765,não consta,não consta,N
170,Homenagem da Colônia Líbano-Brasileira em Comemoraçăo dos 500 Anos do Descobrimento do Brasil,"EID, Odette",Escultura Figurativa,bronze e granito,2000,não consta,não consta,não,Praça Professor Jairo de Almeida Ramos,não consta,não consta,N
171,Homenagem da Colônia Portuguesa,desconhecido,Marco,granito e bronze,1920,não consta,não consta,não,Parque da Luz,não consta,não consta,N
172,Homenagem de Săo Paulo Aos Veteranos da Força Aérea Brasileira,ANDRIOLI R.,Estátua,bronze e granito,1993,não consta,não consta,não,Parque Ibirapuera,não consta,não consta,N
173,Ibrahim Nobre - O Tribuno,"MORRONE, Luiz",Estátua,bronze e granito,1972,não consta,não consta,não,Parque Ibirapuera,não consta,não consta,N
174,IGUATINGA (Fragmento do Monumento a Paulo Eiró),"GUERRA, Julio",Estátua,bronze,1990,não consta,não consta,não,Praça Marcos Manzini (interior da Biblioteca Prestes Maia),não consta,não consta,N
175,Impressőes Paulistanas,"ZURITA, Rita de Cássia Ribeiro",Painel,concreto e bronze,1988,não consta,não consta,não,Praça Deputado Afrânio de Oliveira,não consta,não consta,N
176,Índio Caçador,"FERRI, Joăo Batista",Estátua,bronze e granito,1940,não consta,não consta,não,Avenida Vieira de Carvalho (canteiro central próximo a Praça da República),não consta,não consta,N
177,Índio Pescador,"LEOPOLDO E SILVA, Francisco",Chafariz Estátua,bronze alvenaria e argamassa de cimento,192-,não consta,não consta,não,Praça Oswaldo Cruz,não consta,não consta,N
178,Infante Dom Henrique,"MORRONE, Luiz",Estátua,bronze e granito,1985,não consta,não consta,não,Praça Professor Rossini Tavares de Lima,não consta,não consta,N
179,Instrumento Para Olhar,"GRINSPUN, Esther",Escultura Abstrata,ferro,1994,não consta,não consta,não,Avenida Bajiru (cruzamento com avenida Professor Fonseca Rodrigues),não consta,não consta,N
181,Jano Jovem Jano Senior,"ROCHA, Valdir",Escultura Figurativa,bronze,25/04/2014,não consta,não consta,não,Parque Esportivo dos Trabalhadores,não consta,não consta,N
182,Jardim da Luz,desconhecido,Placa,mármore e alvenaria,1981,não consta,não consta,não,Parque da Luz,não consta,não consta,N
183,Jardim Japonês,desconhecido,Placa,granito,1974,não consta,não consta,não,Largo da Pólvora,não consta,não consta,N
184,Joăo Mendes,"ZADIG, William",Herma,bronze e concreto,1988,não consta,não consta,não,Praça Doutor Joăo Mendes,não consta,não consta,N
185,Joaquim Eugênio de Lima,"MINGO, Roque de",Herma,bronze e granito,1952,não consta,não consta,não,Parque Tenente Siqueira Campos (Trianon),não consta,não consta,N
186,John Graz,"KWIATKOWSKA, Hanna",Cabeça,bronze concreto e mármore,1988,não consta,não consta,não,Praça John Graz,não consta,não consta,N
187,John Mackenzie,"BARROS, Denise",Herma,cimento e granito,2008,não consta,não consta,não,Praça Universidade Mackenzie,não consta,não consta,N
189,José Bonifácio de Andrada e Silva,"MORRONE, Luiz",Herma,bronze e granito,1988,não consta,não consta,não,Parque da Independência,não consta,não consta,N
190,José Bonifácio de Andrada e Silva Patriarca da Independência,"CESCHIATTI, Alfredo",Estátua,bronze e granito,1972,não consta,não consta,não,Praça do Patriarca,não consta,não consta,N
191,José Bonifácio O Moço,"ENGRAND, Georges",Estátua,bronze e granito,1936,não consta,RES. SC 185/02,sim,Largo Săo Francisco (saguăo de entrada da Faculdade de Direito da USP),não consta,não consta,N
192,José Pedro Leite Cordeiro,"MORRONE, Luiz",Herma,bronze e granito,1986,não consta,não consta,não,Largo do Arouche,não consta,não consta,N
193,Lanterna de Pedra (Tooro),desconhecido,Marco,pedra alvenaria e bronze,1978,não consta,não consta,não,Largo da Pólvora,não consta,não consta,N
194,Laocoonte,desconhecido,Grupo escultórico,bronze e argamassa,19--,não consta,não consta,não,Parque Ibirapuera,não consta,não consta,N
195,Lasar Segall,desconhecido,Totem,granito ferro pintado e bronze,1991,não consta,não consta,não,Praça Lasar Segall,não consta,não consta,N
196,Leăo,desconhecido,Estátua,argamassa armada,19--,não consta,não consta,não,Praça Cílio Carnelos,não consta,não consta,N
197,Leăo,desconhecido,Estátua,mármore,196-,não consta,não consta,não,Parque Ibirapuera (próximo a Administraçăo do parque),não consta,não consta,N
198,Leăo Lutando Com Uma Serpente,desconhecido,Grupo escultórico,ferro fundido alvenaria e granito,ca. 1916,não consta,não consta,não,Parque Buenos Aires,não consta,não consta,N
199,Luís Eduardo Magalhăes,"FERNANDES, Cláudia",Máscara totem,bronze e concreto,1998,não consta,não consta,não,Viaduto Deputado Luís Eduardo Magalhăes,não consta,não consta,N
200,Luiz Gama,"MALLOZZI, Yolando",Busto,bronze e granito,1931,não consta,não consta,não,Largo do Arouche,não consta,não consta,N
202,Măe,"FRACAROLLI, Caetano",Escultura Figurativa,mármore,1970,não consta,não consta,não,Parque Buenos Aires,não consta,não consta,N
203,Măe Preta,"GUERRA, Julio",Estátua,bronze e granito,1955,RES. 16/2004,não consta,sim,Largo do Paissandu,não consta,https://www.prefeitura.sp.gov.br/cidade/upload/f8bff_16_Complementa_Res_37_92.pdf,N
204,Maestro Eleazar de Carvalho,"D’ÁVILA, Cícero",Estátua,bronze e granito,2010,não consta,não consta,não,Boulevard de acesso a Sala Săo Paulo no interior do prédio da Estaçăo Júlio Prestes,não consta,não consta,N
205,Mahatma Gandhi,"PAL, Gautan",Estátua,bronze e granito,2002,não consta,não consta,não,Praça Túlio Fontoura,não consta,não consta,N
206,Mais Ibirapuera Pra Você,desconhecido,Marco,concreto e aço,1994,não consta,não consta,não,Parque Ibirapuera (próximo a antiga serraria),não consta,não consta,N
207,Măo Que Segura Pedra Pequena,"MARTINS, Juarez",Escultura Figurativa,aço e concreto,2008,não consta,não consta,não,Praça Silva Teles,não consta,não consta,N
208,Marco Comemorativo do IV Centenário do Ipiranga,"GRACIANO, José Roberto",Marco,concreto,1984,não consta,não consta,não,Praça Monte Azul Paulista,não consta,não consta,N
209,Marco Rodoviário,desconhecido,Marco quilométrico,concreto de pedregulho com argamassa de cimento,ca. 1916,RES. 13/2013,não consta,sim,Rua Silva Bueno (lado oposto do nº 375),não consta,https://www.prefeitura.sp.gov.br/cidade/upload/1313_1382134216.pdf,N
211,Marco Rodoviário,desconhecido,Marco quilométrico,concreto de pedregulho com argamassa de cimento,ca. 1916,RES. 13/2013,não consta,sim,"Avenida Professor Francisco Morato, 5135",não consta,https://www.prefeitura.sp.gov.br/cidade/upload/1313_1382134216.pdf,N
212,Marco Rodoviário,desconhecido,Marco quilométrico,concreto de pedregulho com argamassa de cimento,ca. 1916,RES. 13/2013,não consta,sim,Rua França Pinto (esquina com Rua Domingos de Moraes),não consta,https://www.prefeitura.sp.gov.br/cidade/upload/1313_1382134216.pdf,N
213,Marco Zero,"VILLIN, Jean Gabriel",Marco quilométrico,mármore  bronze e granito,1934,RES. 17/2007,não consta,sim,Praça da Sé,não consta,https://www.prefeitura.sp.gov.br/cidade/upload/2ffeb_17_T_Centro_Velho.pdf,N
214,Marco Zero do Hiphop,desconhecido,Marco,granito,26/09/2014,não consta,não consta,não,"Rua 24 de maio, 168 - esquina com a R. Dom José de Barros",não consta,não consta,N
215,Marechal do Ar Alberto Santos Dumont,"MORRONE, Luiz",Cabeça,bronze e granilite,1975,não consta,não consta,não,Praça Comandante Eduardo de Oliveira,não consta,não consta,N
216,Maria Esther Bueno,"CARLI, Arlindo Castellane de",Estátua,bronze e concreto,1998,não consta,não consta,não,Estádio Municipal Paulo Machado de Carvalho (junto as quadras de tênis),não consta,não consta,N
217,Maria Esther Bueno,"ROSA, Gustavo",Escultura Figurativa,bronze e mármore,ca. 199-,não consta,não consta,não,Praça Califórnia,não consta,não consta,N
218,Mário de Andrade,"GIORGI, Bruno",Cabeça,bronze e granito,1946,não consta,não consta,não,Praça Dom José Gaspar,não consta,não consta,N
219,Martins Miragaia Dráusio e Camargo,desconhecido,Marco,granito e concreto,1956,não consta,não consta,não,Praça da República,não consta,não consta,N
220,Mártires Armênios,desconhecido,Obelisco,granito,ca. 1965,não consta,não consta,não,Praça Armênia,não consta,não consta,N
221,Memorial Carlos Marighella,"FERRAZ, Marcelo",Marco,granito e madeira - tronco de árvore: tipuana,2004,não consta,não consta,não,Alameda Casa Branca (altura do nº 815),não consta,não consta,N
222,Memorial Cláudio Abramo,desconhecido,Escultura Abstrata,granito,1988,não consta,não consta,não,Praça Cláudio Abramo,não consta,não consta,N
223,Menorah,desconhecido,Candelabro,concreto e ferro,19--,não consta,não consta,não,Praça Mashiach Now,não consta,não consta,N
224,Mercúrio em Repouso,desconhecido,Estátua,bronze e granito,Entre 1938 - 1945,não consta,não consta,não,Praça da República,não consta,não consta,N
225,Milon de Crotona,desconhecido,Grupo escultórico,cerâmica e granito,ca. 1916,não consta,não consta,não,Parque Buenos Aires,não consta,não consta,N
226,Moisés,desconhecido,Estátua,bronze e granito,194-,não consta,não consta,não,Galeria Prestes Maia,não consta,não consta,N
227,Monsenhor Luiz Gonzaga de Moura,"ROTONDARO, Rafael",Herma,argamassa fulget e mármore,1990,não consta,não consta,não,Praça Cornélia,não consta,não consta,N
228,Monumento a Zumbi,"DOS SANTOS, José Maria  (Jofe)",Estátua,Bronze granito e pedra,20/11/2016,não consta,não consta,não,"Praça Antônio Prado, 33",não consta,não consta,N
229,Obelisco e Mausoléu ao Soldado Constitucionalista de 1932,"EMENDABILI ,Galileo; PUCCI, Mário Edgard H.",Obelisco mausoléu,mármore e bronze,1955,RES. 05/1991,RES. SC 23/1981,sim,Parque Ibirapuera,não consta,https://www.prefeitura.sp.gov.br/cidade/upload/d833c_05_TEO_89_itens.pdf,N
230,Monumento a ACM,"GUIMARĂES, Antonio Carlos Barbosa",Escultura Abstrata,concreto armado,1982,não consta,não consta,não,Praça do Acemista,não consta,não consta,N
231,Monumento ŕ Aldeia de Nossa Senhora Dos Pinheiros,"MORRONE, Luiz",Totem,bronze e granito,1971,não consta,não consta,não,Praça Joăo Nassar,não consta,não consta,N
232,Monumento a Carlos Gomes,"BRIZZOLLARA, Luiz",Chafariz grupo escultórico,bronze  mármore e granito,1922,RES. 37/1992,não consta,sim,Praça Ramos de Azevedo,não consta,https://www.prefeitura.sp.gov.br/cidade/upload/d475b_37_T_Vale_do_Anhangabau.pdf,N
235,Monumento a Federico Garcia Lorca,"CARVALHO, Flávio de",Escultura Abstrata,ferro chapas metálicas recortadas e alvenaria,1979,não consta,não consta,não,Praça das Guianas,não consta,não consta,N
236,Monumento à Independência,"XIMENES, Ettore",Grupo escultórico,bronze granito e concreto,1922,RES. 05/1991,RES. SC SN/1975,sim,Parque da Independência,PROC. 1348-T-95,https://www.prefeitura.sp.gov.br/cidade/upload/d833c_05_TEO_89_itens.pdf,N
237,Monumento ŕ Infância – 30 Anos da Declaraçăo Universal Dos Direitos da Criança,"MATTOS, Manoel G.",Painel,concreto armado,ca. 1989,não consta,não consta,não,Praça Giordano Bruno,não consta,não consta,N
238,Monumento ŕ Legalidade,"LAROCCA, Vicente",Estátua,bronze,197-,não consta,não consta,não,"Rua Amambaí, 9 (interior do III Batalhăo de Choque da Polícia Militar de Săo Paulo)",não consta,não consta,N
239,Monumento a Paulo Eiró,"GUERRA, Julio",Chafariz Toten,alvenaria e mosaico de pedras,Entre 1950 - 1953,não consta,não consta,não,Praça Marechal Floriano Peixoto,não consta,não consta,N
240,Monumento a Ramos de Azevedo,"EMENDABILI, Galileo",Grupo escultórico,bronze e granito,1974,não consta,não consta,não,Cidade Universitária – Praça Ramos de Azevedo,não consta,não consta,N
241,Monumento ŕ Saúde,"CANATO, J.C.",Grupo escultórico,bronze granito e azulejos,ca. 1988,não consta,não consta,não,Praça Willian Colgate,não consta,não consta,N
243,Monumento ao Duque de Caxias,"BRECHERET, Victor",Estátua,bronze e granito,1960,não consta,Pro SC 49698/04,não,Praça Princesa Isabel,não consta,não consta,S
244,Monumento ao Ex-Combatente,"CARON, Jorge O.",Escultura Abstrata,aço concreto e mármore,1999,não consta,não consta,não,Praça Carlos Gardel,não consta,não consta,N
245,Monumento ao Imigrante Italiano,"EMENDABILI, Galileo",Painel,bronze e mármore,1988,não consta,não consta,não,Praça Imigrante Italiano,não consta,não consta,N
246,Monumento ao Maçom,"ALEXANDRE, Carlos Alberto Inácio",Totem,concreto armado piso: mosaico portuguęs com calcário e basalto,1982,não consta,não consta,não,Praça do Maçom,não consta,não consta,N
247,Monumento ao Milênio da Polônia Cristă,"REIF, Victor; SZABUNIEWICZ,  Miroslaw; GRABOWSKI, Mieqyslaw",Marco,mármore e granito,1966,não consta,não consta,não,Praça Comandante Renato Pacheco Pedroso,não consta,não consta,N
248,Monumento ao Pêssego,desconhecido,Marco,concreto e bronze,1994,não consta,não consta,não,Praça Yasuo Yamamoto,não consta,não consta,N
249,Monumento ao Trabalhador do Asseio Conservaçăo e Limpeza Urbana,"TOLEDO, Murilo Sá",Estátua,bronze,2011,não consta,não consta,não,Praça Marechal Deodoro,não consta,não consta,N
250,Monumento aos heróis da FEB,desconhecido,Hélice,bronze metal concreto e granito,1985,não consta,não consta,não,Praça Heróis da Força Expedicionária Brasileira,não consta,não consta,N
251,Monumento Aos Pioneiros da Imigraçăo Japonesa,"SUZUKI, Takeshi",Placa,granito e bronze,1975,não consta,não consta,não,Parque Ibirapuera,não consta,não consta,N
252,Monumento às Bandeiras,"BRECHERET, Victor",Grupo escultórico,granito,1953,RES. 05/1991,RES. SC 31/1985,sim,Praça Armando de Salles Oliveira,não consta,https://www.prefeitura.sp.gov.br/cidade/upload/d833c_05_TEO_89_itens.pdf,S
253,Monumento Ŕs Musas da Escultura e da Engenharia,"EMENDABILI, Galileo",Grupo escultórico,bronze e granito,2008,não consta,não consta,não,Praça Luís Carlos Paraná,não consta,não consta,N
254,Monumento da Liberdade – Marco Comemorativo do Cinqüentenário da Imigraçăo Lituana,desconhecido,Coluna,bronze concreto e granito,1985,não consta,não consta,não,Praça República Lituana,não consta,não consta,N
255,Monumento em Homenagem Aos 450 Anos da Mooca,"FREGNANI,  Renato",Marco,chapas metálicas pintadas,2006,não consta,não consta,não,Avenida Paes de Barros (cruzamento com Rua da Mooca),não consta,não consta,N
256,Monumento em Homenagem aos Mortos e Desaparecidos Políticos,"OHTAKE, Ricardo",Escultura Abstrata,aço corten,2014,não consta,não consta,não,Portăo 10 Parque do Ibirapuera,não consta,não consta,N
257,Monumento em Homenagem Aos Pioneiros da Imigraçăo Coreana,desconhecido,Marco,granito e metal,1992,não consta,não consta,não,Praça República da Coréia,não consta,não consta,N
258,Monumento em Homenagem as Vítimas do Genocídio de 1915,"RECALD,E José Jerez",Grupo escultórico,granito e bronze,1966,não consta,não consta,não,Praça Armênia,não consta,não consta,N
259,Monumento Mohamed V,"CHABAA, Mohamed",Fonte,alvenaria e mosaico marroquino,1989,não consta,não consta,não,Praça Rodrigues de Abreu,não consta,não consta,N
260,Moraes Sarmento,desconhecido,Medalhăo estela,bronze e concreto,ca. 1999,não consta,não consta,não,Praça Moraes Sarmento,não consta,não consta,N
261,Ninando a Boneca,"COLLUCINI, Lelio",Estátua,granito e bronze,Entre 1938 - 1945,não consta,não consta,não,Praça da República (interior da EMEI Armando de Arruda Pereira),não consta,não consta,N
262,Nível da Enchente de 1929,desconhecido,Placa,bronze e concreto,ca. 1929,não consta,não consta,não,"Rua Porto Seguro, 56 (calçada)",não consta,não consta,N
263,Nossa Senhora Auxiliadora,desconhecido,Estátua,argamassa armada e concreto,19--,não consta,não consta,não,Praça Domingos Correia da Cruz,não consta,não consta,N
265,Nossa Senhora de Fatima,desconhecido,Estátua,gesso granito e alumínio,1999,não consta,não consta,não,Praça Israel,não consta,não consta,N
264,Nossa Senhora de Fatima,desconhecido,Estátua,gesso argamassa e correntes de ferro,ca. 1994,não consta,não consta,não,Praça Engenheiro Mário Ricci,não consta,não consta,N
266,Nostalgia,"LEOPOLDO E SILVA, Francisco",Estátua,mármore granito e bronze,ca. 1975,não consta,não consta,não,Praça Professor Cardim,não consta,não consta,N
267,Nuvem Sobre a Cidade,"VLAVIANOS, Nicolas",Escultura Abstrata,aço inox,1979,RES. 17/2007,não consta,sim,Praça da Sé,não consta,https://www.prefeitura.sp.gov.br/cidade/upload/2ffeb_17_T_Centro_Velho.pdf,N
268,O Aprendiz Desbastando a Pedra Bruta,"SANTOS, Adilson Charles dos",Estátua,concreto armado,2000,não consta,não consta,não,Praça Dona Micaela Vieira,não consta,não consta,N
269,O CAÇADOR de ESMERALDAS (Fragmento do Monumento a Olavo Bilac),"ZADIG, William",Grupo escultórico,bronze e alvenaria de tijolos,19--,não consta,não consta,não,Avenida Pedroso de Moraes (Escola Estadual Fernăo Dias),não consta,não consta,N
271,O Ceifador,"MOREAU, Mathurin",Estátua,mármore e granito,194-,não consta,não consta,não,Praça Professor Resende Puech,não consta,não consta,N
273,O Ferroviário,"CIPICCHIA, Ricardo",Estátua,bronze e granito,1958,não consta,não consta,não,Praça Renê Barreto,não consta,não consta,N
274,O índio e o tamanduá,desconhecido,Grupo escultórico,bronze e granito,ca. 1940,não consta,não consta,não,Praça Marechal Deodoro,não consta,não consta,N
275,O Jornaleiro,"CALABRONE, Domenico",Escultura Figurativa,bronze e granito,2007,não consta,não consta,não,Praça Cláudio Abramo,não consta,não consta,N
276,O Menino e O Catavento,DI PALMA M.,Estátua,bronze e granito,19--,não consta,RES. SC 185/02,sim,Largo Săo Francisco,não consta,não consta,N
277,O Menino e O Peixe,GIORGIO FILHO G.,Estátua,mármore,Entre 1911 - 1913,não consta,não consta,não,Parque da Luz,não consta,não consta,N
278,O Semeador,"FRACAROLLI, Caetano",Estátua,bronze e granito,ca. 1969,não consta,não consta,não,Praça Apecatu,não consta,não consta,N
279,OBELISCO e LARGO da MEMÓRIA,"PEREIRA, Vicente Gomes MULLER Daniel Pedro DUBUGRAS Victor RODRIGUES José Wasth",Chafariz Obelisco conjunto arquitetônico,granito bronze alvenaria de pedras e azulejos,1814 (obelisco) / 1922 (Largo da Memória),RES. 05/1991,RES. SC 02/1975,sim,Largo da Memória,não consta,https://www.prefeitura.sp.gov.br/cidade/upload/d833c_05_TEO_89_itens.pdf,N
280,Oitenta Anos da Imigraçăo Japonesa,"OHTAKE,  Tomie",Escultura Abstrata,concreto armado pintado,1988,não consta,não consta,não,"Avenida Vinte e Três de Maio (canteiro central, altura do CCSP)",não consta,não consta,N
281,OLAVO BILAC (fragmento do Monumento a Olavo Bilac),"ZADIG, William",Busto,bronze argamassa e granito,1988,não consta,não consta,não,Avenida Sargento Mário Kozel Filho,não consta,não consta,N
282,Orlando Villas Bôas,"BORGO, Ari",Herma,bronze granito e aço,2003,não consta,não consta,não,Praça John Lennon,não consta,não consta,N
283,Os Pássaros,"LEIRNER, Felícia",Escultura Abstrata,bronze e granito,1979,não consta,não consta,não,Praça da Sé,não consta,não consta,N
284,O Prevencionista,"PIMENTEL, Waldemir Felício (Toso)",Estátua,fiberglass sucatas de chapas de aço inox 304 alvenaria e pedra,06/10/2007,não consta,não consta,não,Parque Guarapiranga,não consta,não consta,N
285,O Quadrupede,"RAISS, Florian",Escultura,granito e bronze,2006,não consta,não consta,não,Parque do Povo,não consta,não consta,N
286,Ouriço,"TUCCI, Sandra",Escultura Abstrata,aço corten,2002,não consta,não consta,não,Praça Joăo Duran Alonso,não consta,não consta,N
288,Padre Bento Dias Pacheco,desconhecido,Estátua,bronze e granito,1977,não consta,não consta,não,Praça Padre Bento,não consta,não consta,N
289,Padre Charboneau,desconhecido,Marco,granito e bronze,1989,não consta,não consta,não,Praça Padre Charboneau,não consta,não consta,N
290,Padre Gregório Westrupp,"FERNANDES, Cláudia",Herma,bronze e alvenaria de tijolos,2000,não consta,não consta,não,Praça Dia do Senhor,não consta,não consta,N
292,Padre José de Anchieta,"SINIGAGLIA, Victorio",Herma,bronze e concreto,1985,não consta,não consta,não,Avenida Paes de Barros (cruzamento com Rua da Mooca),não consta,não consta,S
291,Padre José de Anchieta Apóstolo do Brasil,"USAI, Heitor",Estátua,bronze e granito,1954,não consta,não consta,não,Praça da Sé,não consta,não consta,S
293,Padre José Kentenich,desconhecido,Herma,ferro e concreto,ca. 1985,não consta,não consta,não,Praça Padre José Kentenich,não consta,não consta,N
294,Passaredo,"EID, Odette",Escultura Figurativa,bronze e granito,2000,não consta,não consta,não,Praça dos Omaguás,não consta,não consta,N
296,Pátria e Família (Fragmento do Monumento a Olavo Bilac),"ZADIG, William",Grupo escultórico,bronze concreto e mármore,2000,não consta,não consta,não,Praça José Moreno,não consta,não consta,N
297,Paulo Machado de Carvalho,"MORRONE, Luiz",Herma,bronze e granito,1992,não consta,não consta,não,Estádio Municipal Paulo Machado de Carvalho,não consta,não consta,N
298,Pedras em Homenagem a Friedrich Naumann,desconhecido,Marco,alumínio e pedras,1999,não consta,não consta,não,Praça Friedrich Naumann,não consta,não consta,N
299,Pedro Álvares Cabral,"MORRONE, Luiz; ROCHA, Agostinho Vidal da",Estátua,bronze mármore e concreto,1988,não consta,não consta,não,Avenida Pedro Álvares Cabral,não consta,não consta,S
300,Plexus,"BONOMI, Maria",Estátua,alumínio,11/2013,não consta,não consta,não,Praça Oswaldo Cruz - Av. Bernardino de Campos x Av. Paulista,não consta,não consta,N
301,Polivolume: conexăo livre (Homenagem a Pedro de Toledo),"VIEIRA, Mary",Escultura Abstrata,concreto e aço inox,1979,não consta,não consta,não,Praça Eisenhower,não consta,não consta,N
302,Porco Ensebado,"CIPICCHIA, Ricardo",Grupo escultórico,bronze e argamassa,197-,não consta,não consta,não,Parque Ibirapuera,não consta,não consta,N
303,Porta de Abril,"AURÉLIO, José",Escultura Abstrata,aço corten e ferro,2001,não consta,não consta,não,Largo Mestre de Avis,não consta,não consta,N
304,Praça Comendador Adib Zarzur,desconhecido,Marco,granito (bege) polido,ca. 1994,não consta,não consta,não,Praça Adib Zarzur,não consta,não consta,N
305,Praça Comunidade da Villa de Arouca,desconhecido,Marco,azulejos alvenaria e aço escovado,ca. 1996,não consta,não consta,não,Praça Comunidade da Villa de Arouca,não consta,não consta,N
306,Praça Hussam Eddine Hariri,desconhecido,Marco,concreto e bronze,1995,não consta,não consta,não,Praça Hussam Eddine Hariri,não consta,não consta,N
307,Praça José Alves Pereira,desconhecido,Marco,argamassa e bronze,1995,não consta,não consta,não,Praça José Alves Pereira,não consta,não consta,N
308,Praça José Augusto Velloso,desconhecido,Marco,concreto e aço escovado,1996,não consta,não consta,não,Praça José Augusto Velloso,não consta,não consta,N
309,Praça Máximos IV Sayegh,desconhecido,Marco,concreto e granito,1993,não consta,não consta,não,Praça Máximos IV Sayegh,não consta,não consta,N
310,Praça Portugal,desconhecido,Marco,concreto,1951,não consta,não consta,não,"Avenida Rebouças (canteiro central, em frente a Igreja Senhor Bom Jesus dos Passos)",não consta,não consta,N
311,Praça Uirapuru,desconhecido,Marco,bronze e granito,19--,não consta,não consta,não,Praça Uirapuru,não consta,não consta,N
314,Professor Jairo de Almeida Ramos,desconhecido,Placa,alvenaria de tijolos e bronze,1973,não consta,não consta,não,Praça Professor Jairo de Almeida Ramos,não consta,não consta,N
316,Professor Mário Olavo Guzzo,"MORRONE, Luiz",Herma,bronze e argamassa,1988,não consta,não consta,não,Praça Professor Mário Olavo Guzzo,não consta,não consta,N
317,Progresso,"VLAVIANOS, Nicolas",Escultura Abstrata,chapas de ferro pintadas,1992,não consta,não consta,não,Largo do Arouche,não consta,não consta,N
318,Quantas Pedras Forem Colocadas Tantas Arrancaremos,"CARVALHO, José Renato Teixeira de Campos",Placa,mármore,1973,não consta,RES. SC 185/02,sim,Largo Săo Francisco (próximo a entrada da Faculdade de Direito),não consta,não consta,N
319,Quinhentos Anos de Miscigenaçăo,"MONK, Barry",Marco,concreto e cerâmica,1993,não consta,não consta,não,Praça Panamericana,não consta,não consta,N
320,Rafic Hariri,"KISLANSKY, Israel",Estátua,bronze e granito,2005,não consta,não consta,não,Praça Cedro do Líbano,não consta,não consta,N
322,Retorno,"IANELLI, Arcângelo",Escultura Abstrata,aço pintado e concreto,2002,não consta,não consta,não,Parque da Aclimaçăo,não consta,não consta,N
323,Rítmica Genética Global,"DELMANTO, Paula",Estátua,bronze concreto e fibra de vidro,2016,não consta,não consta,não,Praça Raul Cortez,não consta,não consta,N
324,Roberto Christianini,"FERNANDES, Cláudia",Herma,bronze concreto e aço,2008,não consta,não consta,não,Avenida Professor Frederico Herman Júnior (canteiro central próximo a marginal do Rio Pinheiros),não consta,não consta,N
325,Romeiros de Pirapora,"GUERRA, Julio",Painel,alvenaria  concreto mosaico de pedras e pintura mural,1970,não consta,não consta,não,Praça Francisco Ferreira Lopes,não consta,não consta,N
326,Rua Engenheiro Edgard Egydio de Souza,desconhecido,Marco,alvenaria de tijolos e bronze,ca. 1958,não consta,não consta,não,Rua Engenheiro Edgar Egydio de Souza,não consta,não consta,N
327,Rui Barbosa,"CUCÉ, José",Estátua,bronze e granito,1930,não consta,não consta,não,Praça Ramos de Azevedo,não consta,não consta,N
329,Sagrado Coraçăo de Maria,desconhecido,Estátua,argamassa armada granito e mármore,1957,não consta,não consta,não,Praça Coraçăo de Maria,não consta,não consta,N
330,Salah Saliby,desconhecido,Herma,bronze e granito,ca. 1994,não consta,não consta,não,Praça Salah Saliby,não consta,não consta,N
331,Salvador Allende,desconhecido,Marco,granito e bronze,ca. 1989,não consta,não consta,não,Praça Salvador Allende,não consta,não consta,N
332,San Martin,BERNA A.,Estátua,bronze e granito,1980,não consta,não consta,não,Praça General San Martin,não consta,não consta,N
333,Santo de Lisboa,"FRICK, Ferdinando",Grupo escultórico,bronze e granito,1932,não consta,não consta,não,Praça Padre Bento,não consta,não consta,N
334,Săo José,desconhecido,Estátua,gesso,19--,não consta,não consta,não,Largo Săo José do Maranhăo,não consta,não consta,N
335,Săo José do Bexiga,desconhecido,Estátua,argamassa armada,1986,não consta,não consta,não,Rua 13 de Maio (escadarias do Bexiga),não consta,não consta,N
336,Săo Paulo Apóstolo,"GUERRA, Julio",Estátua,bronze e granito,1993,não consta,não consta,não,Largo Los Andes,não consta,não consta,N
337,Săo Pedro,"GUERRA, Julio",Estátua,bronze e pedra mineira,1969,não consta,não consta,não,Praça Amadeu Amaral,não consta,não consta,N
338,Sem Identificaçăo,desconhecido,Marco,concreto e alvenaria,19--,não consta,não consta,não,Praça Engenheiro Maury de Freitas Juliăo,não consta,não consta,N
339,Sem Nome,"TORRES, Caciporé",Escultura Abstrata,aço pintado,2000,não consta,não consta,não,Largo Săo Bento,não consta,não consta,N
340,Sem Título,"MARX, Burle",Painel,concreto e mosaico de pastilhas,1979,não consta,não consta,não,Parque Burle Marx,não consta,não consta,N
341,Sem Título - painel,"GRACIANO, Clóvis",Painel,cerâmica pintada,ca. 195-,não consta,não consta,não,Avenida Rubem Berta (acesso a Avenida Moreira Guimarăes),não consta,não consta,N
343,Sem Título,"CAMARGO, Sérgio",Escultura Abstrata,mármore,19--,não consta,não consta,não,Praça da Sé,não consta,não consta,N
344,Sem Título,"CRAVO JÚNIOR, Mário",Escultura Abstrata,aço inox e granito,2000,RES. 17/2007,não consta,sim,Praça da Sé,não consta,https://www.prefeitura.sp.gov.br/cidade/upload/2ffeb_17_T_Centro_Velho.pdf,N
345,Sem Título,"RESENDE, José",Escultura Abstrata,concreto e ferro,1998,RES. 17/2007,não consta,sim,Praça da Sé,não consta,https://www.prefeitura.sp.gov.br/cidade/upload/2ffeb_17_T_Centro_Velho.pdf,N
346,Sem Título,"STOCKINGER, Francisco",Escultura Abstrata,granito aço e concreto,1979,RES. 17/2007,não consta,sim,Praça da Sé,não consta,https://www.prefeitura.sp.gov.br/cidade/upload/2ffeb_17_T_Centro_Velho.pdf,N
347,Sem Título,"BRACHER, Elisa",Escultura Abstrata,madeira,1979,não consta,não consta,não,Praça General Enéas Martin Nogueira,não consta,não consta,N
348,Sem Título,"OHTAKE, Tomie",Escultura Abstrata,aço pintado,1979,não consta,não consta,não,Praça Professor José Lannes,não consta,não consta,N
349,Sem Título,"OHTAKE, Tomie",Escultura Abstrata,aço pintado,2015,não consta,não consta,não,Av. Paulista 1111,não consta,não consta,N
350,Semear,"KISLANSKY, Israel",Estátua,bronze e cimento,19--,não consta,não consta,não,Praça Klaus Walter Zulauf,não consta,não consta,N
351,Severino Gragnani,desconhecido,Herma,bronze e granito,2004,não consta,não consta,não,Estádio Municipal Paulo Machado de Carvalho (baixos da passarela de acesso ao tobogă),não consta,não consta,N
352,Shuhei Uetsuka,"YAMAMOTO, Shyoiti",Estátua,bronze granito e mármore,1978,não consta,não consta,não,Largo da Pólvora,não consta,não consta,N
353,Simón Bolívar,PRATTI E.,Herma,bronze e mármore,1989,não consta,não consta,não,Praça Libertador Simón Bolívar,não consta,não consta,N
355,Sonho e Gratidăo - Monumento em Homenagem ao Centenário da Imigraçăo Japonesa no Brasil,"KINUTANI, Kota",Escultura Abstrata,granito Red Dragon (Ceará) e Inada (Japăo),2008,não consta,não consta,não,Parque do Carmo,não consta,não consta,N
356,Sport Club Corinthians Paulista,desconhecido,Marco,granito e aço escovado,1974,não consta,não consta,não,Rua José Paulino (esquina com a Rua Cônego Martins),não consta,não consta,N
357,TARDE (Fragmento do Monumento a Olavo Bilac),"ZADIG, William",Estátua,bronze e argamassa,1988,não consta,não consta,não,Parque da Independência,não consta,não consta,N
358,Tempo,"FERRI, Joăo Batista",Estátua,granito,1945,não consta,não consta,não,Rua Major Natanael (muro do Cemitério do Araçá),não consta,não consta,N
359,Tenente Coronel Carlos da Silva Araújo,"GUERRA, Julio",Herma,bronze e granito,1946,não consta,não consta,não,Praça Marechal Floriano Peixoto,não consta,não consta,N
360,Testemunho,"MORENO, Dolly",Escultura Abstrata,aço inox e granito,2009,não consta,não consta,não,Avenida Brigadeiro Faria Lima (próximo ao cruzamento com a Avenida Cidade Jardim),não consta,não consta,N
361,Thomas Alva Edson,"FILHO, Joăo Valente",Marco,concreto e neon,1980,não consta,não consta,não,Rua da Consolaçăo (cruzamento com Avenida Paulista),não consta,não consta,N
362,Tiradentes,desconhecido,Máscara estela,alvenaria argamassa bronze e aço,1992,não consta,não consta,não,Avenida dos Metalúrgicos (confluência com a Avenida Naylor de Oliveira),não consta,não consta,N
363,Totem Da Construçăo (antes estava Totem da Sé),"CALABRONE, Domenico",Escultura Abstrata,argamassa armada e concreto,1979,RES. 17/2007,não consta,sim,Praça da Sé,não consta,https://www.prefeitura.sp.gov.br/cidade/upload/2ffeb_17_T_Centro_Velho.pdf,N
364,Totem em Homenagem a Dona Michie Akama,"KAMIMURA, Massayoshi",Totem,granito e basalto,2014,não consta,não consta,não,Av. Domingos de Moraes x Rua Luís Góis,não consta,não consta,N
365,Tribuna Livre,desconhecido,Tribuna,mármore,1958,não consta,RES. SC 185/02,sim,Largo Săo Francisco,não consta,não consta,N
366,Tribuna Livre em Homenagem a Teotônio Vilela,"VALADĂO, Márcio Fernando",Tribuna,alvenariaargamassa e granito,1989,não consta,não consta,não,Parque Ibirapuera,não consta,não consta,N
367,Tsuyoshi Mizumoto,"MOTTA, Christina",Cabeça,bronze e concreto,1995,não consta,não consta,não,Praça da Liberdade,não consta,não consta,N
368,Túlio Fontoura,desconhecido,Cabeça,bronze argamassa e mármore,ca. 1981,não consta,não consta,não,Praça Túlio Fontoura,não consta,não consta,N
369,Ubirajara,"LEOPOLDO E SILVA, Francisco",Grupo escultórico,bronze e granito,197-,não consta,não consta,não,Largo Ubirajara,não consta,não consta,N
370,Último Acorde,"COLUCCINI, Lélio",Estátua,granito e bronze,Entre 1938 - 1945,não consta,não consta,não,Praça Morungaba,não consta,não consta,N
371,V Aniversário da Paineira,desconhecido,Marco,alvenaria de tijolos e bronze,1976,não consta,não consta,não,Praça Renê Barreto,não consta,não consta,N
372,Vaga,"FUKUSHIMA, Takashi",Painel,concreto e cerâmica,2000,não consta,não consta,não,Parque Anhangabaú (baixos do Viaduto Santa Ifigênia),não consta,não consta,N
373,Veado Lutando Contra Três Tigres,desconhecido,Grupo escultórico,ferro fundido alvenaria e granito,ca. 1916,não consta,não consta,não,Parque Buenos Aires,não consta,não consta,N
374,Velocidade Alma e Emoçăo,"GARCIA, Melinda",Escultura Figurativa,bronze e granito,1995,não consta,não consta,não,Complexo Viário Ayrton Senna,não consta,não consta,N
377,Vicente de Carvalho,"XIMENES, Ettore",Busto,bronze e granito,1959,não consta,não consta,não,Largo do Arouche,não consta,não consta,N
378,Vicente Mateus,desconhecido,Totem,bronze e concreto,ca. 1997,não consta,não consta,não,Praça Vicente Mateus,não consta,não consta,N
379,Víctor Raúl Haya de La Torre,"ROSSI, Miguel Baca",Herma,bronze e granito,2010,não consta,não consta,não,Avenida Juscelino Kubistchek (canteiro central em frente a Praça Haya de la Torre),não consta,não consta,N
380,Vitória,"EID, Odette",Estátua,bronze granito e aço,2000,não consta,não consta,não,"Avenida Santos Dumont (canteiro central, em frente ao nº 1313)",não consta,não consta,N
381,Vitórias Esportivas na Europa,"RODRIGUES, José Wasth; MINGO, Roque de",Escultura Figurativa,alvenaria granito e bronze,1927,não consta,não consta,não,Praça Dionísio de Carvalho,não consta,não consta,N
382,Vôo,"TORRES, Caciporé",Escultura Abstrata,aço inox e concreto,1979,RES. 17/2007,não consta,sim,Praça da Sé,não consta,https://www.prefeitura.sp.gov.br/cidade/upload/2ffeb_17_T_Centro_Velho.pdf,N
383,Washington Pelúcio,desconhecido,Marco,granito,1988,não consta,não consta,não,Praça Washington Pelúcio,não consta,não consta,N
384,Yoshikazu Tanaka,desconhecido,Herma,bronze e concreto,1999,não consta,não consta,não,"Rua Galvăo Bueno, 83",não consta,não consta,N
387,Cruzeiro,desconhecido,Cruzeiro,granito,1947,não consta,não consta,não,Praça Dom José Gaspar,não consta,não consta,N
388,Nascer,"NASSER, Daisy",Escultura Abstrata,alumínio laqueado,2007,não consta,não consta,não,Parque Buenos Aires,não consta,não consta,N
210,Marco Rodoviário,desconhecido,Marco quilométrico,concreto de pedregulho com argamassa de cimento,ca. 1916,RES. 01/2017,não consta,sim,Avenida Senador José Ermírio de Moraes (em frente à entrada do Parque Estadual da Cantareira Núcleo Águas Claras),não consta,https://www.prefeitura.sp.gov.br/cidade/upload/01_1493316400.2017,N
201,M,desconhecido,Escultura Figurativa,concreto,1954,não consta,não consta,não,Parque Ibirapuera,não consta,não consta,N
321,Ragueb Chohfi,desconhecido,Herma,bronze e granito,1988,não consta,não consta,não,Praça Ragueb Chohfi,não consta,não consta,N
,Primeiro Alto da Expedição Partida de São Paulo em 10 de abril de 1865 rumo ao Paraguai,parceria DPH e Subprefeitura da Freguesia do Ó,Marco,granito,22/12/2018 (marco anterior: 1965),não consta,não consta,não,Largo da Matriz de Nossa Senhora do Ó,não consta,não consta,N
272,O ESCOTEIRO (fragmento do Monumento a Olavo Bilac),"ZADIG, William",Estátua,bronze e base de concreto com placa em granito,2018,não consta,não consta,não,Centro Esportivo Tietê,não consta,não consta,N
,Ex-Libris,"RUZA, Mário Donizete",Escultura,Chapa de ferro pintado na cor vermelha e concreto armado,2018,não consta,não consta,não,Praça João Tadeu Priolli,não consta,não consta,N
,Parque das Cores do Escuro,"TOLEDO, Amelia",Instalação Artística,"quartzo rosa, verde, branco e marrom; granito; magnetita com calcita branca, calcita vermelha, serpentinita preta",2002,não consta,não consta,não,Praça Soichiro Honda,não consta,não consta,N
,Uri,"KIM, Samuel",Monumento,aço corten,2018,não consta,não consta,não,Canteiro central do cruzamento entre as Ruas Prates e Ribeiro de Lima,não consta,não consta,N
,Ampliação do Troféu do Prêmio Jornalístico Vladimir Herzog,"ANDREATO, Elifas",Escultura,"Alumínio, concreto armado e granito preto",2019,não consta,não consta,não,Praça Vladimir Herzog,não consta,não consta,N